epoch,loss,val_loss
0,2.64171987417,2.90366962978
1,2.37869521763,2.15968002592
2,2.43909097949,2.30194153105
3,2.35593115006,2.2451879297
4,2.50774384964,2.30859627042
5,2.35690527377,2.43430546352
6,2.94849948088,2.25692803519
7,2.43268107091,2.20180170877
8,2.70203238207,2.2948014055
9,1.94590738132,2.00836392811
10,2.9819243309,2.00468570845
11,2.35773819167,2.39316143308
12,2.91803443432,2.10864656312
13,2.23768245819,2.20690073286
14,2.36687802426,2.11155492919
15,2.1297898846,1.70274794102
16,2.98617165004,2.43850193705
17,3.29722056182,2.57732238088
18,2.45382520415,2.11312488147
19,2.98470101257,2.42979502678
0,6.57153404737,4.05025529861
1,3.0714213446,2.47419881821
0,2.45136578431,1.79050469398
0,10.3729984991,3.33184218407
1,3.17918743207,1.96594381332
2,2.27077203457,1.83224225044
0,2.14859220817,1.60047125816
1,1.58708608453,1.01795578003
2,1.23121910288,0.978729128838
3,1.3576078071,1.23029637337
0,9.75880436603,3.14894318581
1,3.08001184411,2.35148644447
2,3.05106995487,3.224391222
3,2.93365256119,2.43513131142
4,2.69042983905,1.83772861958
5,2.37438448559,1.72087681293
6,2.68390497086,2.3777050972
7,2.35453532514,2.23011779785
8,2.34006390884,1.74584901333
9,2.22290165771,1.86343073845
0,2.23111135431,1.7304046154
1,2.09885311803,3.53386664391
2,1.96424674051,2.7777121067
3,2.09026179886,1.52866864204
4,1.92342744541,1.65733540058
5,1.88676880394,1.27862608433
6,1.9229778419,1.49912583828
7,1.99492973354,1.86297941208
8,1.81119228549,3.04716348648
9,1.8534601652,1.59515142441
0,9.05067386766,2.9040453434
1,3.10369855967,2.06461787224
2,2.7910386597,1.56237542629
3,2.62342052269,1.31683588028
4,2.49397941555,1.52714502811
5,2.34254504568,1.28135919571
6,2.36735159146,1.32946538925
7,2.4404642256,1.24632656574
8,2.19131868484,1.33357334137
9,2.74324671615,1.7420989275
0,2.38473775482,1.15937960148
1,2.18244507278,1.39227890968
2,2.29563273725,1.80354523659
3,2.00704995311,1.07586610317
4,2.12422719669,1.10984861851
5,2.00423031655,0.890316426754
6,1.97314833684,1.09235823154
7,1.955832929,1.55778992176
8,1.83361566427,4.22593736649
9,2.43977399497,3.32992315292
0,106.792744512,108.136932373
0,10.6159399728,3.21190977097
1,2.89967416503,1.86743617058
2,2.90768877411,2.08449697495
3,2.49166586945,1.80129277706
4,2.49021843902,1.48111569881
5,2.26569962753,1.33054149151
6,2.09847830174,1.32492852211
7,2.05336415143,0.945995092392
8,2.00364678851,1.6739563942
9,1.97566144779,1.47617423534
0,5.46374931162,3.30352497101
1,2.93251436546,2.02051377296
2,2.36694526976,1.58237361908
3,2.09030517821,1.38871228695
4,1.97057617534,1.39355170727
5,1.7698420059,1.10269653797
6,1.63141272926,1.22050333023
7,1.72225907638,0.8428388834
8,1.48291541902,0.69711369276
9,1.38927578029,0.664279222488
0,1.25484469369,0.778613388538
1,1.30532792459,0.610857546329
2,1.25252808725,0.757166802883
3,1.20225418679,0.659999370575
4,1.1507861572,0.557394981384
5,1.21802327652,1.1038736105
6,1.17922671044,0.664460361004
7,1.25686233459,1.13788950443
8,1.19461749012,0.561625659466
9,1.10556602923,0.613557457924
0,1.14078089346,0.503369688988
1,1.24966408717,0.574259877205
2,1.14312649864,0.459715992212
3,1.11294749698,0.50512444973
4,0.924023818219,0.548721790314
5,0.944594597627,0.567932844162
6,1.05877067744,0.634290218353
7,0.980631946225,0.746892750263
8,0.986850340143,0.876272141933
9,1.06550768423,0.701842367649
0,10.2255181917,6.69764566422
1,5.57796358322,5.06051969528
2,4.0334718649,3.91567587852
3,3.13292706531,2.62487268448
4,2.7208532124,2.27555799484
5,2.51070069082,1.89203667641
6,2.40885132551,1.62953650951
7,2.24316372264,1.61662733555
8,2.09883515573,1.43706977367
9,2.03066275579,1.40879917145
0,1.90618537185,1.48028433323
1,1.85403130514,1.2441726923
2,1.80038999275,1.13267862797
3,1.67372563167,1.35215866566
4,1.64914768353,0.977947592735
5,1.62861117591,1.06911683083
6,1.51847061588,1.01613271236
0,10.3643408258,7.03300952911
0,5.5018659394,4.95921421051
1,3.76894276631,3.84493350983
2,3.05624876371,3.02339053154
3,2.67169663032,2.1176276207
4,2.37486815961,1.79682099819
5,2.16395798159,1.67060649395
6,2.06366201363,1.33256399632
7,1.89528483708,1.31651246548
8,1.72769089806,1.19717514515
9,1.65381958766,1.17198967934
10,1.64638734881,1.07017445564
11,1.51556013015,0.966349959373
12,1.39838900944,0.932341098785
13,1.42677904767,0.890482485294
14,1.3358599947,1.06440210342
15,1.28118245535,0.846581399441
16,1.23588702919,0.811545848846
17,1.2876560899,1.09632050991
18,1.16967205449,0.791337013245
19,1.12396940682,0.744249165058
20,1.20719939216,0.696152925491
21,1.16020462898,0.775478124619
22,1.07940575226,0.868866384029
23,1.05316607589,0.689127743244
24,1.07999953846,0.798331916332
25,1.00234478749,0.765671133995
26,1.01461996901,0.806165337563
27,1.02236634086,0.925186097622
28,1.00438636323,0.679325997829
29,0.948151810939,0.64604049921
30,1.00467917796,0.719386041164
31,0.901583166967,0.698762953281
32,0.895872375587,0.684675097466
33,0.89388047168,0.631895840168
34,0.903227413209,0.931693255901
35,0.949727389753,0.581004083157
36,0.879296690589,0.595755636692
37,0.877637723588,0.588650286198
0,0.8591857497,0.705194413662
1,0.870128420068,0.795147776604
0,9.80123904967,6.89127826691
1,5.38624649728,5.34163331985
0,3.34920025245,2.99286842346
1,2.3663461647,1.52741229534
2,1.92909270266,1.39558088779
3,1.60326774933,1.04462385178
4,1.47237761746,1.04436409473
5,1.32133432567,0.770280241966
6,1.21294503873,0.816625595093
7,1.14645667225,0.717262923717
8,1.06680703978,0.708176195621
9,1.04566615007,0.745149791241
10,0.961422307367,0.623467981815
11,0.94829097018,0.591714322567
12,0.894805026428,0.677460849285
13,0.872209340946,0.583800911903
14,0.835682813095,0.573180258274
15,0.885250086826,0.520283579826
16,0.833529636818,0.497808158398
17,0.790234028464,0.488606542349
18,0.778829315683,0.534224331379
19,0.749308693471,0.506818056107
0,0.73712031891,0.5322291255
1,0.723020674353,0.470279037952
2,0.693321056946,0.502009809017
3,0.688460123166,0.468656301498
4,0.687757766268,0.442358732224
5,0.660148107093,0.43821182847
6,0.665967379383,0.581591546535
7,0.684234677097,0.466498702765
8,0.649890979974,0.400720506907
9,0.62879128084,0.420918464661
0,0.608299576148,0.418023616076
1,0.624649259318,0.416851848364
2,0.633711777687,0.400171369314
3,0.587446676627,0.3789716959
4,0.606442117193,0.440559029579
5,0.577157676241,0.403614163399
6,0.600068705383,0.366858929396
7,0.60645699924,0.392274647951
8,0.585283733751,0.508554041386
9,0.575569578554,0.40359044075
10,0.560828402675,0.349757015705
11,0.55454743858,0.365810990334
12,0.562955830615,0.443951278925
13,0.54197209664,0.394426107407
14,0.548792607774,0.333405554295
15,0.541932373151,0.356536954641
16,0.525757666723,0.289936572313
17,0.515630976998,0.333663463593
18,0.504111243175,0.355643749237
19,0.496194172652,0.298672705889
20,0.496335299077,0.335628330708
21,0.494985487876,0.297079354525
22,0.531866496148,0.335818499327
23,0.491765346589,0.308121353388
24,0.487976670317,0.297333925962
25,0.425991657236,0.271418124437
26,0.417635496886,0.262662649155
27,0.415064817626,0.265276521444
28,0.403454382015,0.259115129709
29,0.391852530759,0.257260024548
30,0.393562820082,0.263630032539
31,0.389157537476,0.257074832916
32,0.378986702339,0.248825773597
33,0.39707108934,0.253181606531
34,0.384528136513,0.254166603088
35,0.377990323025,0.257650464773
36,0.387633218299,0.253860324621
37,0.370612388549,0.254507511854
38,0.380631426272,0.257352083921
39,0.355790541519,0.241250067949
40,0.361518935058,0.240336924791
41,0.362301533196,0.245179399848
42,0.364421751064,0.242429718375
43,0.366332005978,0.256760567427
44,0.372082532085,0.241708502173
45,0.372689512844,0.240762665868
46,0.367394413036,0.245026811957
47,0.354338316342,0.245649337769
48,0.356016498649,0.244916960597
49,0.364823440287,0.243764683604
50,0.359938169438,0.244796767831
0,0.372106190298,0.24446824193
1,0.360835279149,0.245251506567
2,0.334229832421,0.243306711316
3,0.342910776708,0.242697641253
4,0.346681493806,0.242165595293
5,0.329909791739,0.242315739393
6,0.345206759054,0.242626711726
7,0.344560675673,0.242992907763
8,0.357342013017,0.242388412356
9,0.350358086902,0.242618486285
10,0.364652573959,0.242596611381
11,0.336020210359,0.241547614336
12,0.366244553768,0.242246285081
13,0.344917521127,0.242122426629
14,0.356213752213,0.241613551974
15,0.33592295153,0.240884408355
16,0.347974686091,0.243084862828
17,0.338583705969,0.240780457854
18,0.363130586406,0.240103065968
0,7.67660952941,5.28331518173
1,3.32383245501,3.26648235321
2,2.35840347298,1.70825684071
3,1.97876921343,1.22225701809
4,1.68490339258,1.06479334831
5,1.47625528829,0.908841729164
6,1.36304207648,0.917679071426
7,1.25348171218,0.831931471825
8,1.19564683162,1.00059425831
9,1.11819570322,0.660656392574
10,1.06604490189,0.681314706802
11,1.03974776546,0.717998921871
12,0.966058369408,0.634795248508
13,0.967446582504,0.611649751663
14,0.870314768729,0.585823059082
15,0.887638545181,0.582088589668
16,0.847979613449,0.591560423374
17,0.852096271142,0.653178632259
18,0.827098283084,0.527132928371
19,0.79234246905,0.642712771893
20,0.798720487968,0.760672688484
21,0.797156882784,0.606287837029
22,0.754535033827,0.458789199591
23,0.719747936041,0.454969167709
24,0.720162238857,0.607723414898
25,0.713888326624,0.461173981428
26,0.679334889619,0.462321996689
27,0.681051300971,0.46050298214
28,0.688031084724,0.470856904984
29,0.678508068458,0.521038770676
30,0.648920116238,0.468351840973
31,0.638180423301,0.405178636312
32,0.637113122225,0.43884408474
33,0.623507408101,0.400619119406
34,0.603687731929,0.434853106737
35,0.629855373953,0.413687050343
36,0.589052565564,0.36937084794
37,0.592392332886,0.381012678146
38,0.587459270923,0.410889714956
39,0.580627848273,0.367894291878
40,0.556194427511,0.373287260532
41,0.559587683875,0.374150753021
42,0.55294290978,0.36713218689
43,0.53482320828,0.355494052172
44,0.540080909273,0.369022339582
45,0.549673134907,0.336756080389
46,0.527078576586,0.360935240984
47,0.514423915676,0.334872215986
48,0.524948435286,0.402764201164
49,0.513466469163,0.332983583212
50,0.491393256799,0.384009003639
51,0.491211438832,0.375137716532
52,0.493546840139,0.339117437601
53,0.507706738192,0.330917418003
54,0.484243969161,0.341718375683
55,0.472352389232,0.340060442686
56,0.478498176772,0.329512983561
57,0.482865155137,0.319603830576
58,0.484700977709,0.30175280571
59,0.4817729385,0.312326550484
60,0.453146849694,0.294921070337
61,0.45734331754,0.311772167683
62,0.471792254914,0.331647127867
63,0.456569801839,0.309859126806
64,0.448991613533,0.303955674171
65,0.464768023387,0.302241265774
66,0.444015000582,0.405618578196
67,0.459517799564,0.295090377331
68,0.432136487505,0.301662832499
69,0.407765025626,0.269556283951
70,0.380735827021,0.265685617924
71,0.375966835748,0.263939261436
72,0.365270083391,0.257168471813
73,0.372973004103,0.256367951632
74,0.364109490208,0.259423464537
75,0.373929032284,0.260638654232
76,0.37427358307,0.25664126873
77,0.367560327976,0.260368615389
78,0.358617728736,0.250655740499
79,0.353561160513,0.254671156406
80,0.360299290813,0.251672297716
81,0.368876286621,0.250705450773
82,0.366859271329,0.258461505175
83,0.343862250292,0.253397554159
84,0.351759749946,0.24820381403
85,0.353333132692,0.257444649935
86,0.345175893965,0.247845515609
87,0.358438534928,0.243909358978
88,0.359402902551,0.256120949984
89,0.358081151651,0.246304824948
90,0.357730114211,0.251415044069
91,0.352907890626,0.251212656498
92,0.339272298683,0.245692417026
93,0.342964688814,0.245777025819
94,0.34297096282,0.24667955935
95,0.344217650211,0.242464199662
96,0.331018382503,0.245945319533
97,0.340944144005,0.241673305631
98,0.351048395701,0.241869628429
99,0.343847209951,0.245188102126
0,9.45225316849,6.36051706646
1,4.42628804381,3.59811975645
2,3.43668376821,2.75811163239
3,3.06737142121,2.4084811418
4,2.78493447887,2.24144447368
5,2.49954425254,1.96100688499
6,2.36227845446,1.61964362601
7,2.19743811239,1.40222747948
8,2.02180529959,1.3665772521
9,1.95507049197,1.2342747398
10,1.81992736302,1.24648907392
11,1.75133450482,1.2031839153
12,1.68693330215,1.28060921897
13,1.59481089314,1.1615914521
14,1.50568427117,1.08702901135
15,1.50352813511,0.99022138637
16,1.42318038306,1.08919042608
17,1.43345492273,0.981880654459
18,1.4055377218,0.971656363943
19,1.32615482881,0.89610850811
20,1.31817732022,1.07242426147
21,1.27134155695,0.979692951493
22,1.23606799809,0.869604502035
23,1.268749732,0.952197103397
24,1.22794958918,0.871195000151
25,1.16290517171,0.950634982275
26,1.15270904337,0.863064670044
27,1.108214986,0.795964772287
28,1.10676200316,0.905401393123
29,1.11132411522,0.832060280054
30,1.08760904947,0.946000417937
31,1.00907867578,0.867246682229
32,1.05728934369,0.945372374161
33,1.02703055913,0.852966311185
34,1.00677458109,0.803213163562
35,1.02396307583,0.96394469427
36,0.865617547957,0.719426839248
37,0.86889953528,0.714037415774
38,0.873289979933,0.706246922845
39,0.874536886577,0.699667953927
40,0.838101092794,0.703161319961
41,0.847067664306,0.712175789087
42,0.858707702418,0.719751363215
43,0.815938087879,0.697845666305
44,0.843385081434,0.699414084787
45,0.835635663233,0.70462857122
46,0.819916833221,0.701025942098
47,0.817310980048,0.702299162098
48,0.802982519716,0.706719701705
49,0.818059341312,0.701744587525
50,0.823923485965,0.689843996711
51,0.786055160222,0.692508391712
52,0.807017135221,0.713646741017
53,0.802083167809,0.704059320947
54,0.796121892566,0.698712299699
55,0.804718282475,0.702361915423
56,0.808039879732,0.703808750795
57,0.791712393442,0.706850425057
58,0.785710078916,0.697268175042
59,0.791332786648,0.694097513738
60,0.762605214301,0.692319647126
0,9.29503676866,6.21382062912
1,4.32191669002,3.69240740776
2,3.47109396142,2.90392816544
3,3.13485430816,2.57651893616
4,2.87275010652,2.08276529312
5,2.64045313869,2.07115089893
6,2.40022214609,1.69719173431
7,2.23609894557,1.3789343214
8,2.10663997904,1.26759088039
9,2.03267172326,1.26719610214
10,1.84824914245,1.16361478806
11,1.8153797367,1.14832719803
12,1.74115968658,1.1093072319
13,1.70171531113,1.03691715717
14,1.62412815379,1.02479638577
15,1.58193092357,0.922936236858
16,1.57989085152,0.849972536564
17,1.47182021546,0.918607640266
18,1.41110917261,0.82665088892
19,1.44968527977,0.907097115517
20,1.36909191829,0.852417700291
21,1.33615804865,0.9460181427
22,1.29849287046,0.930228009224
23,1.26570075226,0.728921248913
24,1.27206974502,0.766285562515
25,1.24586725937,0.7939509058
26,1.20201569957,0.788663351536
27,1.1517488908,0.813661661148
28,1.16780260266,0.740901551247
29,1.15191411393,0.648813722134
30,1.1219683117,0.851513164043
31,1.08861433744,0.688034827709
32,1.08252514542,0.654454498291
33,1.07418931252,0.686033067703
34,1.09218076832,0.715771429539
35,1.06066087807,0.716202566624
36,1.03629208798,0.661354250908
37,1.01317419149,0.707990479469
38,0.928080327535,0.570911221504
39,0.870250256531,0.573158576488
40,0.877965393655,0.555003881454
41,0.874309431595,0.571973296404
42,0.906780534646,0.55807762146
43,0.878560043911,0.548887808323
44,0.832773932556,0.559756481647
45,0.845584598084,0.56249314189
46,0.855854409221,0.543844814301
47,0.826528386455,0.549224481583
48,0.820100512845,0.552809722424
49,0.836375449606,0.528220542669
50,0.807238922931,0.542728865147
51,0.812066513742,0.544690184593
52,0.83187215603,0.557579299212
53,0.809882996687,0.55992757082
54,0.803099640516,0.559389300346
55,0.820400241321,0.554783908129
56,0.820901876809,0.530951159
57,0.809012652069,0.542717479467
58,0.835848333997,0.538382018805
59,0.808258334268,0.540869011879
0,9.56938659427,6.38106222153
1,4.75635608878,4.07514458338
2,3.70836385344,3.28573306719
3,3.3395013137,2.76328893026
4,3.09178338323,2.40965692202
5,2.8403306319,2.15583683332
6,2.64004487246,2.378851312
7,2.37606651422,1.81731923103
8,2.31157749988,1.48492159526
9,2.21228835652,1.42376862208
0,2.07037184767,1.33579795678
1,2.05417015528,1.46326638222
2,2.02797981024,1.41918956121
3,1.87562654927,1.09470112165
4,1.74408281733,1.08461390336
5,1.75800635808,1.24807377974
6,1.69130939937,1.18454546293
7,1.73823767524,1.16359671752
8,1.55518814314,1.11977495352
9,1.51325937226,0.912116209666
10,1.50229441448,0.944897643725
11,1.46745743625,0.850024370352
12,1.41646081337,0.849204729398
13,1.43607432307,1.03582922777
14,1.38898093747,0.817216848532
15,1.29590711035,0.919280610085
16,1.37695714814,0.762204456329
17,1.29891244953,0.85032207489
18,1.31685307197,0.824034442902
19,1.32177118702,0.846744448344
20,1.24198877081,0.765125859578
21,1.19532388676,0.835492209593
22,1.23794011309,0.847340346177
23,1.23389365591,0.724549527168
24,1.26465282094,0.966508120696
25,1.19122184876,0.819373859564
26,1.15686747703,0.756607708136
27,1.14024875496,0.776082557042
28,1.11382209371,0.685202974478
29,1.1634141604,0.813716605504
30,1.11366262334,0.719267359575
31,1.14298033489,1.14385882219
32,1.10619756912,0.85617146492
33,1.14715377665,0.729576629798
34,1.13524045943,0.709021581014
35,1.05509943457,0.724782899221
36,1.12750084357,0.826191497644
37,0.976791896003,0.594886889458
38,0.867518423154,0.574881302516
39,0.924016134636,0.562451030811
40,0.884601562575,0.583758043845
41,0.831319572139,0.58282757918
42,0.850718406788,0.623055072228
43,0.848896757376,0.582712386449
44,0.811007862793,0.578062637647
45,0.848503843867,0.625547032356
46,0.830806446145,0.660499994755
47,0.842084443993,0.595155905883
48,0.823534986084,0.589222387473
49,0.786171059952,0.589631419182
0,0.80179341133,0.574643687407
1,0.808079345548,0.593916217089
2,0.786562731811,0.568452479839
3,0.791262714151,0.575919180314
4,0.80882246462,0.577296632926
5,0.767040419246,0.591406223377
6,0.769511203354,0.573697352807
7,0.802099196462,0.599246431589
8,0.771960041181,0.56418840766
9,0.761894148442,0.559843528271
10,0.775757676573,0.596593077977
11,0.771471550259,0.579358494282
12,0.79173727281,0.570154980024
13,0.77823033761,0.587451413075
14,0.7765276099,0.590983514786
15,0.756505074217,0.610411823193
16,0.808722741565,0.583751167059
17,0.783709568249,0.579774506092
18,0.768189361155,0.563404463927
19,0.764188120981,0.614308849573
0,8.68781579539,4.79063442866
1,4.32288985263,3.65205758731
2,3.91676334207,4.42695486705
3,3.57406789528,3.15482819875
4,3.36829187783,3.55325464567
5,3.23972615508,3.06220956484
6,3.34609686719,2.50539340973
7,2.97640186627,3.10702445348
8,2.78554410364,2.14354724566
9,2.66004761543,1.94402578831
10,2.50807865207,1.7715958643
11,2.45254858005,2.03779878457
12,2.34580822488,1.7255290699
13,2.23870138127,1.44557394346
14,2.08345394863,1.72981243134
15,1.99447729532,1.35271235148
16,2.06261828345,1.24464639028
17,2.05478164628,1.4518895785
18,1.918720827,1.18627880414
19,1.89177485097,1.44629003366
0,1.95435650584,1.16373073896
1,1.89943193164,1.36317924658
2,1.81954163176,1.62229319255
3,1.80305680865,1.69623861313
0,10.2910547547,6.80835254669
1,5.63534525706,4.54621975581
2,4.07341531336,3.40187074025
3,3.57361353131,2.88972294807
4,3.25342338981,2.49213528951
5,3.06852078106,2.28090230942
6,2.86165172579,2.20620919863
7,2.61806202006,1.84477508227
8,2.57195864062,1.82212327162
9,2.37281538873,1.60623086611
10,2.22697936327,1.41811340014
11,2.22566064554,1.59749822299
12,2.0655510089,1.39848245462
13,2.00538927691,1.33086745262
14,1.9460483968,1.29068057696
15,1.94572921152,1.34702266057
16,1.85915298001,1.15069063505
17,1.83818196429,1.23976561546
18,1.82967840322,1.52609279474
19,1.71684277832,1.25587204138
0,1.65488975577,1.14553723971
1,1.59965087603,1.00207021475
2,1.57287255982,0.999757175446
3,1.56140076056,0.974171813329
4,1.47338539623,0.985573267937
5,1.44348891363,0.946387813091
6,1.44751611758,0.946788074176
7,1.42722771391,0.956961750189
8,1.36740731601,0.902732566992
9,1.39454636541,0.941527082125
10,1.35262265175,0.9138762935
11,1.31666292016,0.950953540802
12,1.27195556603,0.905545757612
13,1.28661785653,0.88767288367
14,1.25993724711,0.960036485195
15,1.27929000569,0.832286310991
16,1.22959308394,0.954439136982
17,1.21685646345,0.916892042955
18,1.16345789094,0.864467027982
19,1.21216856967,1.06421416442
0,1.17129415021,0.888296806812
1,1.15649163889,0.808777809938
2,1.13551949526,0.739722201029
3,1.14944430414,0.824982589086
4,1.1423229177,0.804732401371
5,1.10200086375,0.753509251277
6,1.08510959449,0.840090732574
7,1.04590030614,0.774492299557
8,1.1112953441,0.730068810781
9,1.11570553005,0.703026725451
10,1.03432098906,0.68836004893
11,1.05045036921,0.730777130127
12,1.01824812109,0.61882513682
13,1.05644483291,0.79579889377
14,1.03133441661,0.727866108418
15,1.05502824,0.76258278052
16,1.02498904011,0.673757918676
17,1.03961347823,0.876165688038
18,1.03405848744,0.901853529612
19,0.973053414116,0.638695561091
0,1.00928333702,0.697692234516
1,0.958678482225,0.848227500916
2,0.926878736183,0.60315514644
3,0.966615656696,0.635731524626
4,0.936230410401,0.72192968448
5,0.978320551867,0.61949598074
6,0.971577435041,0.725449349085
7,0.936395201997,0.647348006566
8,0.964390722034,0.647460989952
9,0.923601624802,0.603767786026
10,0.896423087956,0.684914635817
11,0.91150361578,0.692153538863
12,0.90395815288,0.75167855978
0,11.295279995,7.79113032178
1,6.08485279052,4.90502457502
2,4.16026404761,4.17688612822
3,3.6715990775,2.88110035222
4,3.33961954014,2.64188146591
5,3.12118451533,2.2402927294
6,2.90777906773,2.01076674752
7,2.7068229832,1.81687068648
8,2.57221051874,1.59181876299
9,2.41844784081,1.4662236644
10,2.36796465736,1.37012032183
11,2.18245255274,1.24338414902
12,2.13811477112,1.36839049909
13,2.00329256205,1.17327285976
14,1.91655312961,1.21652423463
15,1.9066551786,1.02479836708
16,1.81011996529,0.997817746023
17,1.80523433221,1.03832568047
18,1.73926957633,0.95491861134
19,1.66922217119,1.04009138375
20,1.62458038668,1.01228871433
21,1.58511324743,0.903291603414
22,1.57191882344,0.925567751978
23,1.53682954775,0.872854330191
24,1.50578866184,0.85820956928
25,1.46759740828,0.825190333332
26,1.42792559442,0.799237105905
27,1.42427596289,0.860619864813
28,1.41927564274,0.798748891528
29,1.36753802523,0.786730200779
30,1.301092239,0.732921819861
31,1.29246965635,0.769707035728
32,1.2924133213,0.750054586224
33,1.22722760357,0.740154285256
34,1.23618172583,0.81508310539
35,1.23630935093,0.862503419562
36,1.19568634156,0.701579157899
37,1.19815675706,0.731123193008
38,1.13585171785,0.68659022087
39,1.1704339483,0.674167792972
0,1.15464357277,0.675574709729
1,1.10515679255,0.696978459998
2,1.14589969224,0.689926861263
3,1.10114012298,0.655858334972
4,1.09019149738,0.811791648225
5,1.06021468321,0.655986966156
6,1.05735179685,0.641610942236
7,1.03537885371,0.640954830298
8,1.0471894822,0.662918146064
9,1.01683683434,0.708118935911
0,9.15949701667,6.16528433125
1,4.41176678594,3.69428667208
2,3.67038439295,3.04674634701
3,3.2739424294,2.73068129144
4,2.95535598359,2.04103682099
5,2.67365120771,1.97094303224
6,2.52052625794,1.58266765025
7,2.34619114337,1.37041074183
8,2.11762665011,1.29761952889
9,2.07056367243,1.17856144614
10,1.98785178019,1.10405971946
11,1.84582293555,1.06755531416
12,1.86266047602,1.26979067267
13,1.73218083662,1.09498108015
14,1.67636551935,0.966314834792
15,1.60142085332,0.918726131683
16,1.59143010776,0.974791416308
17,1.57714239802,0.863226768447
18,1.45458542803,0.924723808358
19,1.43318432589,0.93825684088
0,1.4124340284,1.13110696106
1,1.30099757935,0.758804958041
2,1.31853555762,0.754908413422
3,1.33034207682,0.823608380992
4,1.31759701333,0.781286046272
5,1.29564426847,0.86686059033
6,1.27488361075,0.752821592296
7,1.21058802677,0.730603857738
8,1.16700891569,0.672100416044
9,1.16860813441,0.709426725783
10,1.15138650889,0.805637333451
11,1.2047366328,0.716863325456
12,1.11684788385,0.703954862385
13,1.16827950499,0.816075921059
14,1.12683787145,0.884071886539
15,1.0792835845,0.831553009952
16,1.06207214004,0.660239068473
17,1.09718523284,0.739194038438
18,1.07973653353,0.683675843041
19,1.08809733054,0.717417118026
0,1.06408303499,0.635555768885
1,1.03363308834,0.710217795721
2,1.0054133559,0.793042664121
3,1.02187785467,0.625065127524
4,1.04835956339,0.692079323094
5,0.981659488375,0.725306810402
6,0.955507647129,0.61959816043
7,1.01412399879,0.656152392306
8,0.997958724918,0.685989813107
9,0.985179270972,0.602288525279
10,0.954728708094,0.614997824518
11,0.946193424385,0.636248146615
12,0.9739405095,0.681202168872
13,0.923750082282,0.617746792189
14,0.939052902927,0.607752333327
15,0.95234010187,0.622751722975
16,0.901226184417,0.629187479252
17,0.957166093933,0.582262779154
18,0.938745710857,0.659476110121
19,0.890397302067,0.593609817871
0,0.90576263329,0.678451487204
0,10.0069960549,6.64746627458
1,4.60847544336,4.0134113688
2,3.6896815974,3.16905327674
3,3.34237928786,2.88721317326
4,3.06668951328,2.58368285643
5,2.85616621821,2.15276596087
6,2.54064106203,2.06225462025
7,2.38713815409,1.87293065688
8,2.26149858966,1.68357465792
9,2.09405763768,1.65503529781
10,2.07972440179,1.41888480886
11,1.91294316502,1.48773594296
12,1.8143247288,1.49868656955
13,1.76137822769,1.50593334491
14,1.70165206695,1.34228496814
15,1.64533383615,1.3381464722
16,1.61257399201,1.25350396568
17,1.53330427353,1.23291294837
18,1.53568085694,1.13474979423
19,1.51200948809,1.18007969856
20,1.42613245992,1.14093008282
21,1.39017897851,1.11192900435
22,1.36011071726,1.15695985195
23,1.32669847723,1.06911904331
24,1.30576107136,1.04443604027
25,1.27353371568,1.01527651461
26,1.23235885291,1.0457712822
27,1.25093809181,1.14042231194
28,1.18124056466,1.14088231927
29,1.16457769992,1.07303222276
30,1.19654458754,1.01414816806
31,1.12619847205,1.03524625848
32,1.11011405951,1.09137355898
33,1.11395575392,1.05759173632
34,1.12334433414,1.15830545852
35,1.08374012155,1.13701452082
36,1.10921970692,1.23467154897
37,1.0566717694,1.0395946016
38,1.05713595916,1.04294372316
39,1.04655407627,0.994668495218
0,9.3041626394,5.96041198608
1,4.30998594154,3.82782338081
2,3.68387157254,3.14701281119
3,3.33377904006,2.85027510092
4,3.06848571958,2.47791704563
5,2.80810140366,2.16386781483
6,2.54458711972,2.06513123009
7,2.37956870171,1.62459892417
8,2.13014157297,1.53352363831
9,2.06401277145,1.53108107169
10,1.87855357628,1.28663470439
11,1.86375477826,1.53944614502
12,1.72969734279,1.28574485954
13,1.63032076988,1.1130210112
14,1.61876930916,1.20324004298
15,1.54530528912,1.13318280999
16,1.498350127,1.07187903037
17,1.46076490027,1.06324651154
18,1.3997563114,1.18175069236
19,1.39061771681,1.30480029386
20,1.37355381334,1.23927580107
21,1.27555974211,1.04997688915
22,1.22621634428,1.0172287696
23,1.27488011303,1.05427236076
24,1.23548897363,0.962444011225
25,1.23950384279,1.25928099549
26,1.25708095653,1.01985132585
27,1.21245314466,1.05721465109
28,1.16280477087,0.999856042753
29,1.13236977703,0.911362152034
30,1.11044963804,1.11621004835
31,1.10070514797,0.927199919836
32,1.07641778044,1.1423463466
33,1.11389501894,0.955180020507
34,1.02290579029,1.04110213868
35,1.03733935484,0.892225093798
36,1.0672726102,0.869751636588
37,1.0448553941,0.958667044246
38,1.00996366867,0.861811122763
39,1.0854561035,0.996478762102
0,1.04021275162,0.902890846817
1,0.974557237508,0.861054150883
2,0.965170512411,1.01740070494
3,0.988015078763,1.04755769356
4,0.945585383155,0.850788151452
5,0.930996935223,0.892676916691
6,0.971056749052,0.815432919822
7,0.934901682782,0.906516789296
8,0.926519807463,0.841103847421
9,0.905368498065,0.917221365719
0,0.89448885174,0.808687041112
1,0.902391654857,0.802394841789
2,0.910100754525,0.916174953684
3,0.91448587966,0.834256311075
4,0.920327284278,0.800713645209
5,0.848147696215,0.827520474381
6,0.886199727237,0.948687322096
7,0.912945149797,0.829687984712
8,0.864527371904,0.963705860147
9,0.876923559564,0.790864208423
10,0.856747989412,0.845138601207
11,0.858768768121,0.825032524559
12,0.843152075031,0.810691355292
13,0.952436487739,1.08442845038
14,0.852284731152,0.827476684653
15,0.827462164362,0.828810543095
16,0.837282024324,0.746111923402
17,0.813022200401,0.885559878218
18,0.818089085831,0.806065297455
19,0.849306148137,0.787119937599
20,0.86439328766,0.902580714554
21,0.797528997273,0.859474222048
22,0.801458323377,0.825269492941
23,0.796708388515,0.942851483275
24,0.795623214306,0.803880724338
25,0.796272334094,0.772528611739
26,0.835524949097,0.884087410542
0,0.682747401924,0.634060319411
1,0.635822880212,0.64084997199
2,0.624923495593,0.625684276086
3,0.603268548031,0.626518713772
4,0.613282812254,0.611544626568
5,0.616737218835,0.623418891102
6,0.629942196517,0.613986755183
7,0.582292518953,0.621541392913
8,0.588123992643,0.618988553318
9,0.588305698655,0.602103589872
10,0.579453732693,0.627133489749
11,0.572817152244,0.631509610819
12,0.593848421473,0.605792723118
13,0.577304831976,0.651794681308
14,0.562786484851,0.601936860369
15,0.565812067799,0.599418110257
16,0.568460931845,0.628572369387
17,0.568374884316,0.598163222501
18,0.571129135474,0.580606857024
19,0.560015430308,0.584193062892
20,0.545606539036,0.612030611673
21,0.566843838927,0.591573098931
22,0.558578138527,0.585755692163
23,0.539895954812,0.592186027711
24,0.563193791196,0.587379303
25,0.51814323709,0.575675500369
26,0.564313577088,0.581300286251
27,0.559252933329,0.572414504005
28,0.532180330255,0.585327923845
29,0.541764783978,0.576425162751
0,9.66736427697,5.92351604576
1,4.33867375996,3.48552137346
2,3.74947046568,3.06006378558
3,3.34432527734,2.52093386294
4,3.04457115805,2.31720024436
5,2.77187360233,2.02483164019
6,2.54336687109,1.75065605854
7,2.34440789409,1.54978130825
8,2.19528432344,1.37926512512
9,2.05153011228,1.24316374402
10,1.9476276651,1.28187020501
11,1.8519041884,1.20186611788
12,1.7923651573,1.23180424633
13,1.70889561335,1.15091449823
14,1.67892533608,1.36541748225
15,1.6216439625,1.07251501261
16,1.54726572791,1.04556463548
17,1.46711872174,1.08667373924
18,1.49259161389,1.11246049226
19,1.3640551483,1.11250761641
20,1.42368903772,1.05036980181
21,1.43971071385,1.00475695507
22,1.35582049987,0.97497196073
23,1.33912729059,0.896427944525
24,1.26830064183,0.897574517264
25,1.23519847634,1.15276671435
26,1.25644308212,0.945120812352
27,1.23983948633,0.974972272097
28,1.22715812905,0.981916407151
29,1.21146797105,0.984998395194
30,1.22066223865,0.947691631851
31,1.13601666199,0.885104322611
32,1.15439851091,0.908563032969
33,1.16186106884,0.923371356815
34,1.16165641064,1.2204453963
35,1.15259788211,0.934771946117
36,1.12451457443,0.890147323929
37,1.10792416151,0.808678211561
38,1.05780386274,0.794007297327
39,1.06489440445,0.866802184439
40,1.05371151657,0.904872168356
41,1.05930534706,0.868389262192
42,1.05695329591,0.871732868365
43,1.02942639448,0.854690552647
44,1.07019297098,0.843799792119
45,1.05618182297,0.785327553749
46,1.00224946504,0.827239994682
47,0.988289054781,0.848929463038
48,1.01247491629,0.821185806349
49,1.0165540484,0.833677226038
50,0.967413500178,0.809465175244
51,0.960212474476,0.892009195997
52,0.9770866073,0.822661680072
53,1.01029111993,0.837540493972
54,0.99236943142,0.829337450995
55,0.954005569614,0.832230921112
0,0.831933706471,0.740060784479
1,0.815104448864,0.776652864111
2,0.799619636866,0.755465556881
3,0.771588152522,0.725398713083
4,0.748340055924,0.720188097278
5,0.737691153483,0.706780593787
6,0.762821871766,0.721080678168
7,0.7539152115,0.737440900571
8,0.75938141975,0.726962276804
9,0.752988613417,0.751924400454
10,0.732332135641,0.743555651672
11,0.755379973364,0.716277419186
12,0.781419569227,0.736949886404
13,0.730030285804,0.717405389494
14,0.722232456997,0.727139461396
15,0.739914089233,0.709378498259
0,0.755709060493,0.71410026835
1,0.680703642346,0.71800620031
2,0.717857439187,0.721069033911
3,0.742475889659,0.721773110664
4,0.683146196056,0.722234136133
5,0.701219557717,0.723191189232
6,0.76215579284,0.718802107359
7,0.711513804467,0.718637178193
8,0.715308246777,0.717947209059
9,0.724370117941,0.720446238767
10,0.72526269918,0.72294857075
0,0.69229618617,0.717782422233
1,0.720551417341,0.717767122966
2,0.686901469946,0.713725507259
3,0.715192430843,0.715002687565
4,0.695920727332,0.713870316744
5,0.690983335161,0.713929892476
6,0.701078137108,0.712985614787
7,0.690311181431,0.714294578602
8,0.694201047277,0.71680954588
9,0.71889354324,0.715936281788
10,0.660058811913,0.713659583633
11,0.699444250146,0.711443826334
12,0.675273624351,0.70818011307
13,0.68534103376,0.706761500284
14,0.679250716644,0.706888730846
15,0.695004165314,0.709654040746
16,0.698009366002,0.709956859475
17,0.672783666056,0.708925439351
18,0.733380325859,0.712072038828
19,0.671232586799,0.709724601525
20,0.712063641726,0.71014561493
21,0.698685422847,0.710038082368
22,0.687048391637,0.708798395609
23,0.712719511636,0.708790751536
0,13.9989527963,11.6673837779
1,8.53983046858,8.20276312925
2,6.21073182296,5.94830871764
3,4.63583648763,4.31905347474
4,4.16150894862,3.84184683586
5,3.98289829964,3.50068281297
6,3.8125230201,3.58196221079
7,3.63838282945,3.17672847242
8,3.45360318755,3.11495781594
9,3.29888176761,2.8321196887
10,3.20530435265,2.7722095243
11,3.09738939278,2.63270894849
12,3.00826150477,2.52698946486
13,2.99426616066,2.4402754469
14,2.87476411467,2.30788659725
15,2.75389191619,2.14975525408
16,2.68293409124,2.24358930069
17,2.54309835091,2.3561180903
18,2.54308646227,2.18270348205
19,2.42715213006,2.04005920725
20,2.39453583503,1.93727936712
21,2.3386167985,2.4830972159
22,2.32444151846,1.91712192532
23,2.31466955986,1.81688251706
24,2.17854120427,1.88379339053
25,2.06076364766,1.69297424222
0,2.01217748957,1.58505043205
1,1.93532415938,1.83623802905
2,1.94121310368,1.54623730491
3,1.83958367601,1.39302733074
4,1.80296568293,1.37422675503
5,1.73083951839,1.5949240485
6,1.62259254544,1.67433622662
7,1.69812601895,1.34691348287
8,1.54321397888,1.41456283031
9,1.58284506193,1.67017727563
10,1.49330705195,1.32569407687
11,1.52857392273,1.46139897295
12,1.48328759393,1.24123259467
13,1.4818853847,1.19594740219
14,1.42796799213,1.25611991704
15,1.35979845946,1.17424984692
16,1.3642920876,1.24496298663
17,1.32640122537,1.16362843627
18,1.35174049653,1.44735515685
19,1.337225445,1.17260241995
20,1.28729180945,1.23588674166
21,1.22487696873,1.27041963006
22,1.22461720186,1.12588686035
23,1.2346835656,1.11269077882
24,1.21885680107,1.17223217455
25,1.2488786596,1.29992331453
26,1.20912945336,1.1499180072
27,1.17622474534,1.16435081618
28,1.15798762709,1.11042143861
29,1.15132305307,1.11285236579
30,1.15408489879,1.45764904687
31,1.17767220553,1.09422106889
32,1.16626287653,1.09626243715
33,1.17249321443,1.28504240837
34,1.16167894461,1.26496276401
35,1.09611574473,1.13668782046
36,1.1245086908,1.11516316488
37,1.15387180471,1.1601513316
38,1.12571854048,1.19697383472
39,1.10403412823,1.09305341714
40,1.09096520504,1.1962779955
41,1.12085132154,1.07394838252
42,1.0246519826,1.06750356827
43,1.1344182691,1.20718312426
44,1.01964875831,1.07607775318
45,1.06350461065,1.10893519476
46,1.03733207242,1.02133267023
47,1.01984698183,1.1611807768
48,1.01803199872,1.06640666115
49,1.0142359,1.08119876531
50,1.00327236082,1.02729024692
51,1.08694628955,1.06651388301
52,1.00010218749,1.14717790464
53,1.03113734526,1.21354582602
54,0.992975278991,1.02055354264
55,1.00041010921,1.24241474534
56,0.985289169351,1.18479904674
57,0.826455799077,0.95023510894
58,0.803712889451,0.935852935525
59,0.828341982784,0.947207470329
0,0.745474163199,0.971556151805
1,0.762685343633,0.940707613822
2,0.758257350134,0.926606998152
3,0.706153519672,0.901623586408
4,0.772974490305,0.939585072654
5,0.743841534019,0.919721810996
6,0.718576389315,0.927694546933
7,0.729686533621,0.939511825438
8,0.759440556188,0.908258122652
9,0.717794433924,0.91469990234
10,0.715247084665,0.922784307376
11,0.733085432469,0.93009612025
12,0.726486538321,0.93038327029
13,0.722745888882,0.924986198646
0,0.727175949742,0.906622795832
1,0.691406399516,0.90513791519
2,0.681087570642,0.914853390382
3,0.738932477418,0.916828702096
4,0.718073904611,0.917137184922
5,0.677611082085,0.910220880898
6,0.678515160867,0.910212118609
7,0.673368417139,0.915181120237
8,0.710834278796,0.917942059283
9,0.666042002886,0.908800721169
0,0.698272448569,0.916302747872
1,0.704770552408,0.913972125978
2,0.680165161114,0.903508865103
3,0.71087758628,0.907265565428
4,0.676463087808,0.912614551937
5,0.679969247704,0.915004965399
6,0.711938314145,0.932430621313
7,0.709907180652,0.916331445684
8,0.679482807858,0.912982613456
9,0.690744740376,0.90537541456
10,0.705500291577,0.911931897102
11,0.673807164272,0.914313084414
12,0.708918757631,0.918352334678
0,0.69154079773,0.91645315472
1,0.714918476037,0.912107050419
2,0.711890817224,0.910745572476
3,0.706404856373,0.910307664044
4,0.65118505653,0.908781485898
5,0.680506002765,0.910233221492
6,0.688661903938,0.91111691509
7,0.653225495122,0.910205408829
8,0.66306968391,0.906608755086
9,0.664088288743,0.908006232612
10,0.686220959478,0.906685072954
11,0.709817814238,0.908596316568
12,0.679181853613,0.908788508298
13,0.679706764734,0.907110377234
14,0.653834457822,0.908497261758
15,0.676647589997,0.908415124935
16,0.693390714036,0.906727204923
17,0.680244813201,0.905091960819
18,0.649091039723,0.906631957106
19,0.658285753641,0.909780202674
20,0.678168661539,0.90826890866
21,0.673574169273,0.909175344065
22,0.661439784972,0.910377216177
23,0.68820120401,0.910540000922
24,0.668641487617,0.906402493415
25,0.687536043863,0.908346327795
26,0.682801919008,0.910105552803
27,0.686266593817,0.911770894008
0,17.3077191299,13.0505587584
1,10.7028520487,9.74880834826
2,9.06736462803,8.41692845351
3,7.72182093381,7.45316347784
4,6.35799476032,6.23329580722
5,5.2173125176,5.06152632447
6,4.5573319929,4.31696569028
7,4.18413113605,3.86186711967
8,3.97684383587,3.52721752115
9,3.81115329757,3.32857079084
10,3.67508765648,3.28440656954
11,3.54172592756,2.9720190804
12,3.48274773024,2.85670194658
13,3.40570960037,2.78080918838
14,3.31091608319,2.77490980285
15,3.23600285114,2.65600145269
16,3.20760556803,2.61526050049
17,3.1301865507,2.5286655718
18,3.02015813644,2.46679085128
19,2.99574694195,2.37030494943
20,2.93580522789,2.32682254363
21,2.92541255325,2.23367555936
22,2.80669169288,2.21373183549
23,2.747068601,2.37849528611
24,2.68100812187,2.12548624739
25,2.67133026692,2.06835166451
26,2.56612921967,2.00863381632
27,2.54056278364,2.00904122988
28,2.53764387026,2.02745732969
29,2.44060478738,1.8268582529
30,2.39253431601,1.75735575812
31,2.31445329331,1.71378526396
32,2.28187381527,1.74960232592
33,2.31771734853,1.70322940301
34,2.28156502889,1.69182264886
35,2.20880399871,1.65369314645
36,2.1647584643,1.5553718927
37,2.17069756059,1.60167544796
38,2.1702389356,1.49567190482
39,2.10816677388,1.48472199554
40,2.06171067878,1.47155996812
41,2.02186180014,1.5491880811
42,1.96554005512,1.42864477391
43,1.98704794278,1.31413833381
44,1.93663254881,1.35502989681
45,1.91689977004,1.35069745171
46,1.90815617998,1.3647770314
47,1.89324391351,1.27441940746
48,1.85654811108,1.27588455937
49,1.80724185273,1.24711744883
50,1.82031800893,1.27016796628
51,1.76327425914,1.33026382307
52,1.77103199431,1.22317333449
53,1.74330837385,1.19995312464
54,1.72027598508,1.24977550539
55,1.68641516959,1.2064508151
56,1.67022310002,1.2545229229
57,1.637665812,1.25191423682
58,1.64656404665,1.1666147344
59,1.61688000441,1.08570501918
0,1.59459864163,1.09975052853
1,1.61276317784,1.11656179963
2,1.65625359346,1.57723185805
3,1.58485927488,1.07642420701
4,1.60689259581,1.06979941511
5,1.53676274144,1.10963432805
6,1.51660298314,1.03831377565
7,1.48299012765,1.07739294386
8,1.46087290741,1.09718252607
9,1.47197274309,1.07997103289
10,1.4569522022,1.01341418669
11,1.5255289464,1.09499198401
12,1.45508157728,1.02118976668
13,1.44026454904,1.19834061464
14,1.4321582001,1.01530619462
15,1.44289534559,1.00054497216
16,1.40676800774,1.05259913652
17,1.41892522458,1.08742501217
18,1.39432360234,1.05210289339
19,1.37469982571,1.04672300167
20,1.34353890886,1.15067976105
21,1.37755626345,0.986239378144
22,1.31977873657,0.985684557026
23,1.32048609978,0.978607866229
24,1.27640607995,0.960638344693
25,1.31539030611,1.05570904819
26,1.29551106754,0.955541440419
27,1.28646639941,0.943824664265
28,1.2960977536,0.961703897333
29,1.2901142042,0.973199894639
30,1.26676943763,0.949042306465
31,1.23898658931,0.87676333408
32,1.25443411349,1.04028788959
33,1.27187125764,1.00008417311
34,1.27824474226,0.909394149067
35,1.2079019384,1.12783510993
36,1.22695411972,0.885943225452
37,1.30659019718,0.924793065
38,1.22130610137,0.919368364373
39,1.21058932108,0.891068447204
40,1.18625961569,1.03877344099
41,1.21309619405,0.958939102231
0,1.13589960099,0.872223683766
1,1.08281369745,0.881945684654
2,1.11472576235,0.871638492662
3,1.09897126556,0.83955252576
4,1.13723591511,0.847479503982
5,1.1069798143,0.853703202844
6,1.10510296458,0.847238401977
7,1.09352769915,0.851720003855
8,1.09572918393,0.833176213057
9,1.10043902111,0.866227334859
10,1.11090541532,0.842097957929
11,1.06937967892,0.887703952335
0,13.5852481521,9.82894420624
1,7.86780104919,7.17913001517
2,5.19666297284,4.9425755791
3,4.08500829437,3.94313058646
4,3.70823319619,3.30494250422
5,3.49883104129,2.92543536684
6,3.27133313081,2.79630126124
7,3.09374088255,2.82990493982
8,3.06236274286,2.55699210582
9,2.83813738942,2.61661907901
10,2.7419967634,2.27515088994
11,2.63655747154,2.02628074522
12,2.49720009186,1.97589766461
13,2.3952195931,1.82262095679
14,2.31115068994,2.24184960904
15,2.28743713173,1.6419247026
16,2.21826406089,1.62943562736
17,2.0832903564,1.52778778905
18,2.02348679656,1.44469753556
19,1.9419592309,1.41448621128
20,1.87524390584,1.28252576227
21,1.82445392316,1.24669876824
22,1.81387170071,1.30424297374
23,1.78020049171,1.27211471226
24,1.71883761005,1.20208989019
25,1.6310725593,1.13623039619
26,1.65216367413,1.14685999311
27,1.63960559975,1.21387855385
28,1.54895792994,1.13794228823
29,1.57569138885,1.17188657367
30,1.52006279506,1.03127154578
31,1.50136406866,0.996147671471
32,1.46501003645,1.0633661747
33,1.43442722413,1.07940418824
34,1.48225881701,1.1268750792
35,1.37644373932,1.02359162465
36,1.3558223266,1.23419500434
37,1.3396682251,0.996167820433
38,1.29808130102,1.07124939172
39,1.31266307815,1.10097542016
40,1.30655150359,1.02860435196
41,1.29165915473,0.960043549538
42,1.25743460257,0.961696430393
43,1.22984394881,0.994437803393
44,1.20850438438,0.873874182286
45,1.17249395815,0.858137739741
46,1.20528452513,0.849300172018
47,1.16422494084,0.867016774157
48,1.21448418942,0.895696953587
49,1.14232976046,0.855562054593
